^CATEGORY_ID:13
^CATEGORY_NAME:전기포트
^CATEGORY_PATH_NAME:/제품/가전제품/주방가전
^CATEGORY_PATH_ID:/1/2/3

알피에코진공주전자	에코진공주전자	16751		2175
에코진공주전자	에코진공주전자	16751		2175
JNK-1701	JNK-1701	7884		2175
BK월드JNK-1701	JNK-1701	7884		2175
BK월드ITK-8283	ITK-8283	7884		2175
ITK-8283	ITK-8283	7884		2175
BK월드ITK-222	ITK-222	7884		2175
ITK-222	ITK-222	7884		2175
NK-4170	NK-4170	18621		2175
BK전자NK-4170	NK-4170	18621		2175
BSWDC-8007-KP2	DC-8007-KP2	7460		2175
DC-8007-KP2	DC-8007-KP2	7460		2175
BSWDC-8007-KP1	DC-8007-KP1	7460		2175
DC-8007-KP1	DC-8007-KP1	7460		2175
BSWBS-1108-KS8	BS-1108-KS8	7460		2175
BS-1108-KS8	BS-1108-KS8	7460		2175
DC-8007-KP1	DC-8007-KP1	18520		2175
ELFDC-8007-KP1	DC-8007-KP1	18520		2175
ALUXHLE-1200	ALUXHLE-1200	18628		2175
KobaluxALUXHLE-1200	ALUXHLE-1200	18628		2175
PN풍년PNOR-1000	PNOR-1000	5219		2172
PNOR-1000	PNOR-1000	5219		2172
PN풍년PNQK-1000	PNQK-1000	5219		2172
PNQK-1000	PNQK-1000	5219		2172
PNQK-1700	PNQK-1700	5219		2175
PN풍년PNQK-1700	PNQK-1700	5219		2175
PN풍년PNQK-1000	PNQK-1000	5219		2175
PNQK-1000	PNQK-1000	5219		2175
PNQK-800	PNQK-800	5219		2175
PN풍년PNQK-800	PNQK-800	5219		2175
PNQK-2000R	PNQK-2000R	5219		2175
PN풍년PNQK-2000R	PNQK-2000R	5219		2175
PN풍년PNQK-2000	PNQK-2000	5219		2175
PNQK-2000	PNQK-2000	5219		2175
CKKA-10	CKKA-10	5219		2175
PN풍년CKKA-10	CKKA-10	5219		2175
쿠노도자기포트	CKKA-10	5219		2175
PN풍년쿠노도자기전기주전자	CKKA-10	5219		2175
PN풍년PNQK-1800	PNQK-1800	5219		2175
PNQK-1800	PNQK-1800	5219		2175
PN풍년PNKKA-09	PNKKA-09	5219		2175
PNKKA-09	PNKKA-09	5219		2175
JK-72	JK-72	18627		2175
SkettleJK-72	JK-72	18627		2175
SK-802	SK-802	24249		2175
SOKANYSK-802	SK-802	24249		2175
원터치무선전기주전자	원터치무선전기주전자	1876		2175
ZEN원터치무선전기주전자	원터치무선전기주전자	1876		2175
젠무선주전자	젠무선주전자1.8	1876		2175
ZEN젠무선주전자	젠무선주전자1.8	1876		2175
ZENFK-0201	FK-0201	1876		2175
FK-0201	FK-0201	1876		2175
FLF2	FLF2	18634		2175
그룹세브FLF2	FLF2	18634		2175
기타BLACKTIME	BLACKTIME	977		2175
BLACKTIME	BLACKTIME	977		2175
남양키친플라워KEK-DM100	KEK-DM100	873		2172
KEK-DM100	KEK-DM100	873		2172
KEK-GF100	KEK-GF100	873		2175
남양키친플라워KEK-GF100	KEK-GF100	873		2175
남양키친플라워KEK-GF180	KEK-GF180	873		2175
KEK-GF180	KEK-GF180	873		2175
KEK-GA171R	KEK-GA171R	873		2175
남양키친플라워KEK-GA171R	KEK-GA171R	873		2175
KEK-GF171S	KEK-GF171S	873		2175
남양키친플라워KEK-GF171S	KEK-GF171S	873		2175
남양키친플라워KEK-GF120S	KEK-GF120S	873		2175
KEK-GF120S	KEK-GF120S	873		2175
KEK-GF101S	KEK-GF101S	873		2175
남양키친플라워KEK-GF101S	KEK-GF101S	873		2175
KDF-GF180	KDF-GF180	873		2175
남양키친플라워KDF-GF180	KDF-GF180	873		2175
KEK-GF121	KEK-GF121	873		2175
남양키친플라워KEK-GF121	KEK-GF121	873		2175
남양키친플라워에코글라스KEK-AY170G	KEK-AY170G	873	3941	2175
에코글라스KEK-AY170G	KEK-AY170G	873	3941	2175
KEK-AY170G	KEK-AY170G	873	3941	2175
남양키친플라워KEK-AY170G	KEK-AY170G	873	3941	2175
GVK-370G	GVK-370G	873		2175
남양키친플라워GVK-370G	GVK-370G	873		2175
남양키친플라워에코그린무선주전자	CN4490	873	3942	2175
에코그린무선주전자	CN4490	873	3942	2175
에코그린CN4490	CN4490	873	3942	2175
남양키친플라워CN4490	CN4490	873	3942	2175
CN4490	CN4490	873	3942	2175
남양키친플라워스완무선주전자	CN4487	873	3943	2175
스완무선주전자	CN4487	873	3943	2175
스완CN4487	CN4487	873	3943	2175
남양키친플라워CN4487	CN4487	873	3943	2175
CN4487	CN4487	873	3943	2175
남양키친플라워KEK-102WS	KEK-102WS	873		2175
KEK-102WS	KEK-102WS	873		2175
남양키친플라워KEK-106WS	KEK-106WS	873		2175
KEK-106WS	KEK-106WS	873		2175
남양키친플라워CN4419	CN4419	873		2175
CN4419	CN4419	873		2175
남양키친플라워KEK-172WS	KEK-172WS	873		2175
KEK-172WS	KEK-172WS	873		2175
NEP-3703	NEP-3703	24250		2175
네오일렉컴NEP-3703	NEP-3703	24250		2175
SCK-12000	SCK-12000	24251	1065	2175
노바시슬리SCK-12000	SCK-12000	24251	1065	2175
시슬리SCK-12000	SCK-12000	24251	1065	2175
노바SCK-12000	SCK-12000	24251	1065	2175
CEK-9012N	CEK-9012N	1641		2172
다와마트CEK-9012N	CEK-9012N	1641		2172
HS-0201	HS-0201	1641		2175
다와마트HS-0201	HS-0201	1641		2175
다와마트CEK-8012	CEK-8012	1641		2175
CEK-8012	CEK-8012	1641		2175
다와마트CEK-9020	CEK-9020	1641		2175
CEK-9020	CEK-9020	1641		2175
DW-202	DW-202	10078		2174
다원식품DW-202	DW-202	10078		2174
대동F&D비비스HK-506	HK-506	24252		2175
비비스HK-506	HK-506	24252		2175
대동F&DHK-506	HK-506	24252		2175
대동에프앤디HK-506	HK-506	24252		2175
HK-506	HK-506	24252		2175
대동F&DSP-1207S	SP-1207S	24252	3944	2175
SP-1207S	SP-1207S	24252	3944	2175
스누피SP-1207S	SP-1207S	24252	3944	2175
대동F&D스누피SP-1207S	SP-1207S	24252	3944	2175
SP-1206	SP-1206	24252	3944	2175
대동F&D디스누피SP-1206	SP-1206	24252	3944	2175
스누피SP-1206	SP-1206	24252	3944	2175
대동F&DSP-1206	SP-1206	24252	3944	2175
대명전자DM-3000	DM-3000	8166		2175
DM-3000	DM-3000	8166		2175
대양신리MU-100W	MU-100W	7108		2172
MU-100W	MU-100W	7108		2172
대양신리MU-300W	MU-300W	7108		2175
MU-300W	MU-300W	7108		2175
대양신리MU-800W	MU-800W	7108		2175
MU-800W	MU-800W	7108		2175
대양신리MU-300N	MU-300N	7108		2175
MU-300N	MU-300N	7108		2175
DWK-G270	DWK-G270	7255		2175
대우어플라이언스DWK-G270	DWK-G270	7255		2175
대우일렉트로닉스DOK-E101S	DOK-E101S	8017		2175
DOK-E101S	DOK-E101S	8017		2175
DOK-E171S	DOK-E171S	8017		2175
대우일렉트로닉스DOK-E171S	DOK-E171S	8017		2175
대우일렉트로닉스DWK-S1002	DWK-S1002	8017		2175
DWK-S1002	DWK-S1002	8017		2175
DWK-G170	DWK-G170	8017		2175
대우일렉트로닉스DWK-G170	DWK-G170	8017		2175
DWP-3838	DWP-3838	7312		2172
대웅DWP-3838	DWP-3838	7312		2172
대웅모닝컴TCL-T1001	TCL-T1001	7312		2175
TCL-T1001	TCL-T1001	7312		2175
DWK-1700	DWK-1700	7312		2175
대웅모닝컴DWK-1700	DWK-1700	7312		2175
DHP-4000L	DHP-4000L	7312		2175
대웅DHP-4000L	DHP-4000L	7312		2175
대웅DG2000-1738	DG2000-1738	7312		2175
DG2000-1738	DG2000-1738	7312		2175
DHP-2000L	DHP-2000L	7312		2175
대웅모닝컴DHP-2000L	DHP-2000L	7312		2175
대웅모닝컴DHP-3000L	DHP-3000L	7312		2175
DHP-3000L	DHP-3000L	7312		2175
대원가전DWC-850	DWC-850	7509		2175
DWC-850	DWC-850	7509		2175
대원산업DWC-830	DWC-830	5228		2175
DWC-830	DWC-830	5228		2175
DWC-815	DWC-815	5228		2175
대원산업DWC-815	DWC-815	5228		2175
T-802	T-802	7122		2175
더플로우T-802	T-802	7122		2175
더플로우T-902	T-902	7122		2175
T-902	T-902	7122		2175
EPK-171	EPK-171	7225		2175
동양매직EPK-171	EPK-171	7225		2175
동양매직EPK-1280	EPK-1280	7225		2175
EPK-1280	EPK-1280	7225		2175
EPK-1780	EPK-1780	7225		2175
동양매직EPK-1780	EPK-1780	7225		2175
동양매직EPK-1712	EPK-1712	7225		2175
EPK-1712	EPK-1712	7225		2175
EPK-1715L	EPK-1715L	7225		2175
동양매직EPK-1715L	EPK-1715L	7225		2175
EPK-1716	EPK-1716	7225		2175
동양매직EPK-1716	EPK-1716	7225		2175
동양매직EPK-1713D	EPK-1713D	7225		2175
EPK-1713D	EPK-1713D	7225		2175
EPK-1021	EPK-1021	7225		2175
동양매직EPK-1021	EPK-1021	7225		2175
EPK-1014	EPK-1014	7225		2175
동양매직EPK-1014	EPK-1014	7225		2175
EPK-1221	EPK-1221	7225		2175
동양매직EPK-1221	EPK-1221	7225		2175
동양매직EPK-1015	EPK-1015	7225		2175
EPK-1015	EPK-1015	7225		2175
동양매직EPK-G101	EPK-G101	7225		2175
EPK-G101	EPK-G101	7225		2175
EPK-1241	EPK-1241	7225		2175
동양매직EPK-1241	EPK-1241	7225		2175
동양매직EPK-1731	EPK-1731	7225		2175
EPK-1731	EPK-1731	7225		2175
동양매직EPK-1741	EPK-1741	7225		2175
EPK-1741	EPK-1741	7225		2175
동양매직EPK-1231	EPK-1231	7225		2175
EPK-1231	EPK-1231	7225		2175
동양매직EPK-0822	EPK-0822	7225		2175
EPK-0822	EPK-0822	7225		2175
EPK-0821	EPK-0821	7225		2175
동양매직EPK-0821	EPK-0821	7225		2175
EPK-1016	EPK-1016	7225		2175
동양매직EPK-1016	EPK-1016	7225		2175
동양매직EPK-1721	EPK-1721	7225		2175
EPK-1721	EPK-1721	7225		2175
두두월드K-813	K-813	7023		2172
K-813	K-813	7023		2172
두두월드K-888	K-888	7023		2172
K-888	K-888	7023		2172
듀플렉스DP-883EK	DP-883EK	7121		2175
DP-883EK	DP-883EK	7121		2175
DP-882EK	DP-882EK	7121		2175
듀플렉스DP-882EK	DP-882EK	7121		2175
DP-888EK	DP-888EK	7121		2175
듀플렉스DP-888EK	DP-888EK	7121		2175
듀플렉스듀플렉스DP-985EK	DP-985EK	7121	285	2175
듀플렉스DP-985EK	DP-985EK	7121	285	2175
DP-985EK	DP-985EK	7121	285	2175
듀플렉스DP-988EK	DP-988EK	7121	285	2175
듀플렉스듀플렉스DP-988EK	DP-988EK	7121	285	2175
DP-988EK	DP-988EK	7121	285	2175
듀플렉스DP-981EK	DP-981EK	7121	285	2175
듀플렉스듀플렉스DP-981EK	DP-981EK	7121	285	2175
DP-981EK	DP-981EK	7121	285	2175
DP-982EK	DP-982EK	7121	285	2175
듀플렉스DP-982EK	DP-982EK	7121	285	2175
듀플렉스듀플렉스DP-982EK	DP-982EK	7121	285	2175
DP-387EK	DP-387EK	7121		2175
듀플렉스DP-387EK	DP-387EK	7121		2175
듀플렉스DP-388EK	DP-388EK	7121		2175
DP-388EK	DP-388EK	7121		2175
듀플렉스DP-382EK	DP-382EK	7121		2175
DP-382EK	DP-382EK	7121		2175
DP-383EK	DP-383EK	7121		2175
듀플렉스DP-383EK	DP-383EK	7121		2175
DP-385EK	DP-385EK	7121		2175
듀플렉스DP-385EK	DP-385EK	7121		2175
KBO2001.R	KBO2001.R	7510		2175
드롱기KBO2001.R	KBO2001.R	7510		2175
KBO2001.B	KBO2001.B	7510		2175
드롱기KBO2001.B	KBO2001.B	7510		2175
드롱기KBO2001.W	KBO2001.W	7510		2175
KBO2001.W	KBO2001.W	7510		2175
KBO2001.BK	KBO2001.BK	7510		2175
드롱기KBO2001.BK	KBO2001.BK	7510		2175
라미LMKP-120	LMKP-120	7254		2175
LMKP-120	LMKP-120	7254		2175
라미LMKP-100S	LMKP-100S	7254		2175
LMKP-100S	LMKP-100S	7254		2175
라이카LK-100	LK-100	7132		2175
LK-100	LK-100	7132		2175
13775-EMK	13775-EMK	18367		2175
러셀홉스13775-EMK	13775-EMK	18367		2175
RH-15075	RH-15075	18367		2175
러셀홉스RH-15075	RH-15075	18367		2175
러셀홉스13775-KSO	13775-KSO	18367		2175
13775-KSO	13775-KSO	18367		2175
RH-080KS	"""RH-080KS"""	18367		2175
러셀홉스RH-080KS	"""RH-080KS"""	18367		2175
13775-KSP	13775-KSP	18367		2175
러셀홉스13775-KSP	13775-KSP	18367		2175
레꼴뜨SoloKettle	SoloKettle	18478		2175
SoloKettle	SoloKettle	18478		2175
Classic주전자	Classic주전자	18483		2175
레꼴뜨Classic주전자	Classic주전자	18483		2175
로벤타BV300970	BV300970	7708		2175
BV300970	BV300970	7708		2175
LC-1000	LC-1000	2176		2175
루첸LC-1000	LC-1000	2176		2175
리눅스SEK-1518GF	SEK-1518GF	7471		2175
SEK-1518GF	SEK-1518GF	7471		2175
HHB-1016	HHB-1016	900		2175
리빙스타HHB-1016	HHB-1016	900		2175
LV-101K	LV-101K	900		2175
리빙스타LV-101K	LV-101K	900		2175
리빙스타LV-104K	LV-104K	900		2175
LV-104K	LV-104K	900		2175
엘리트전기주전자	전기주전자	16500	3945	2175
리빙아트엘리트전기주전자	전기주전자	16500	3945	2175
DWQ-S001A	DWQ-S001A	16500		2175
리빙아트DWQ-S001A	DWQ-S001A	16500		2175
국끓이기15호	국끓이기15호	1409		2174
리빙월드국끓이기	국끓이기15호	1409		2174
국끓이기20호	국끓이기20호	1409		2174
리빙월드국끓이기20호	국끓이기20호	1409		2174
국끓이기25호	국끓이기25호	1409		2174
리빙월드국끓이기25호	국끓이기25호	1409		2174
리빙월드국끓이기30호	국끓이기30호	1409		2174
국끓이기30호	국끓이기30호	1409		2174
국끓이기40호	국끓이기40호	1409		2174
리빙월드국끓이기40호	국끓이기40호	1409		2174
전기물끓이기20호	전기물끓이기20호	16767		2174
리빙플랜전기물끓이기20호	전기물끓이기20호	16767		2174
전기물끓이기80호	전기물끓이기80호	16767		2174
리빙플랜전기물끓이기	전기물끓이기	16767		2174
전기물끓이기12호	전기물끓이기12호	16767		2174
리빙플랜전기물끓이기12호	전기물끓이기12호	16767		2174
전기물끓이기60호	전기물끓이기60호	16767		2174
리빙플랜전기물끓이기60호	전기물끓이기60호	16767		2174
전기물끓이기6호	전기물끓이기6호	16767		2174
리빙플랜전기물끓이기6호	전기물끓이기6호	16767		2174
전기국끓이기30호	전기국끓이기30호	16767		2174
리빙플랜전기국끓이기30호	전기국끓이기30호	16767		2174
리빙플랜전기국끓이기20호	전기국끓이기20호	16767		2174
전기국끓이기20호	전기국끓이기20호	16767		2174
리빙플랜전기국끓이기40호	전기국끓이기40호	16767		2174
전기국끓이기40호	전기국끓이기40호	16767		2174
LP-W203	LP-W203	7228		2173
리홈리홈LP-W203	LP-W203	7228		2173
리홈LP-W203	LP-W203	7228		2173
리홈LP-W320M	LP-W320M	7228		2173
리홈리홈LP-W320M	LP-W320M	7228		2173
LP-W320M	LP-W320M	7228		2173
LP-122	LP-122	7228		2175
리홈LP-122	LP-122	7228		2175
리홈LP-123	LP-123	7228		2175
LP-123	LP-123	7228		2175
리홈리홈LP-123	LP-123	7228		2175
LP-170	LP-170	7228	283	2175
리홈LP-170	LP-170	7228	283	2175
리홈리홈LP-170	LP-170	7228	283	2175
LP-150	LP-150	7228		2175
리홈LP-150	LP-150	7228		2175
마이프랜드MF-83	MF-83	7111		2175
MF-83	MF-83	7111		2175
마이프랜드MF-883	MF-883	7111		2175
MF-883	MF-883	7111		2175
MF-819SB	MF-819SB	7111		2175
마이프렌드MF-819SB	MF-819SB	7111		2175
매직쉐프MKT-001S	MKT-001S	8550		2175
MKT-001S	MKT-001S	8550		2175
모리녹스Ovella보온주전자	보온주전자	16513	3946	2173
Ovella보온주전자	보온주전자	16513	3946	2173
LK-1012	LK-1012	18625		2175
바이썬LK-1012	LK-1012	18625		2175
멀티포트	멀티포트	2396		2172
발렌티노루디라면냄비	라면냄비	2396		2172
벤투스스텐무선주전자	스텐무선주전자	11393		2175
스텐무선주전자	스텐무선주전자	11393		2175
BKK-112	BKK-112	7220		2175
보국전자BKK-112	BKK-112	7220		2175
보국전자BKK-617S	BKK-617S	7220		2175
BKK-617S	BKK-617S	7220		2175
BKK-212	BKK-212	7220		2175
보국전자BKK-212	BKK-212	7220		2175
BKK-915L	BKK-915L	7220		2175
보국전자BKK-915L	BKK-915L	7220		2175
보국전자BKK-990	BKK-990	7220		2175
BKK-990	BKK-990	7220		2175
BKK-900	BKK-900	7220		2175
보국전자BKK-900	BKK-900	7220		2175
보국전자BKK-922S	BKK-922S	7220		2175
BKK-922S	BKK-922S	7220		2175
BKK-908S	BKK-908S	7220		2175
보국전자BKK-908S	BKK-908S	7220		2175
보국전자BKK-925	BKK-925	7220		2175
BKK-925	BKK-925	7220		2175
이노브INK-037S	INK-037S	7220	3947	2175
보국전자이노브INK-037S	INK-037S	7220	3947	2175
보국전자INK-037S	INK-037S	7220	3947	2175
INK-037S	INK-037S	7220	3947	2175
보국전자BKK-015	BKK-015	7220		2175
BKK-015	BKK-015	7220		2175
보국전자BKK-017	BKK-017	7220		2175
BKK-017	BKK-017	7220		2175
BKK-190	BKK-190	7220		2175
보국전자BKK-190	BKK-190	7220		2175
보국전자BKK-172S	BKK-172S	7220		2175
BKK-172S	BKK-172S	7220		2175
BKK-118	BKK-118	7220		2175
보국전자BKK-118	BKK-118	7220		2175
BKK-177S	BKK-177S	7220		2175
보국전자BKK-177S	BKK-177S	7220		2175
BKK-128	BKK-128	7220		2175
보국전자BKK-128	BKK-128	7220		2175
보국전자BKK-127	BKK-127	7220		2175
BKK-127	BKK-127	7220		2175
보덤비스트로	비스트로	5193		2175
비스트로	비스트로	5193		2175
보만WK2110	WK2110	8265		2175
WK2110	WK2110	8265		2175
보만WK2210	WK2210	8265		2175
WK2210	WK2210	8265		2175
보쉬TWK-5501	TWK-5501	8327		2175
TWK-5501	TWK-5501	8327		2175
브라운WK-210W	WK-210W	7074		2175
WK-210W	WK-210W	7074		2175
WK-210N	WK-210N	7074		2175
브라운WK-210N	WK-210N	7074		2175
브라운WK300-Black	WK300-Black	7074		2175
WK300-Black	WK300-Black	7074		2175
WK300	WK300	7074		2175
브라운WK300	WK300	7074		2175
BFB-410S	BFB-410S	7486	3948	2175
클래파BFB-410S	BFB-410S	7486	3948	2175
비즈포비즈클래파BFB-410S	BFB-410S	7486	3948	2175
비즈포비즈BFB-410S	BFB-410S	7486	3948	2175
BFB-1412R	BFB-1412R	7486	3948	2175
비즈포비즈클래파BFB-1412R	BFB-1412R	7486	3948	2175
비즈포비즈BFB-1412R	BFB-1412R	7486	3948	2175
클래파BFB-1412R	BFB-1412R	7486	3948	2175
클래파BFB-1417B	BFB-1417B	7486	3948	2175
BFB-1417B	BFB-1417B	7486	3948	2175
비즈포비즈클래파BFB-1417B	BFB-1417B	7486	3948	2175
비즈포비즈BFB-1417B	BFB-1417B	7486	3948	2175
비즈포비즈클래파BFB-1406	BFB-1406	7486	3948	2175
비즈포비즈BFB-1406	BFB-1406	7486	3948	2175
BFB-1406	BFB-1406	7486	3948	2175
클래파BFB-1406	BFB-1406	7486	3948	2175
비케이월드WDK-170G	WDK-170G	7884		2175
WDK-170G	WDK-170G	7884		2175
WDK-517PG	WDK-517PG	7884		2175
비케이월드WDK-517PG	WDK-517PG	7884		2175
비케이월드PC-120K	PC-120K	7884		2175
PC-120K	PC-120K	7884		2175
WDK-1000	WDK-1000	7884		2175
비케이월드WDK-1000	WDK-1000	7884		2175
WDK-1500	WDK-1500	7884		2175
비케이월드WDK-1500	WDK-1500	7884		2175
SF-1200	SF-1200	7305		2175
사파이어SF-1200	SF-1200	7305		2175
삼우전자SGK-712	SGK-712	8038		2175
SGK-712	SGK-712	8038		2175
SGK-715	SGK-715	8038	350	2175
삼우전자SGK-715	SGK-715	8038	350	2175
듀크SGK-715	SGK-715	8038	350	2175
삼우전자듀크SGK-715	SGK-715	8038	350	2175
삼우전자SGK-713	SGK-713	8038		2175
SGK-713	SGK-713	8038		2175
SGK-714	SGK-714	8038		2175
삼우전자SGK-714	SGK-714	8038		2175
삼우전자SGK-716	SGK-716	8038		2175
SGK-716	SGK-716	8038		2175
세버린WK-3372	WK-3372	7734		2175
WK-3372	WK-3372	7734		2175
WK-3374	WK-3374	7734		2175
세버린WK-3374	WK-3374	7734		2175
퀸센스HRP-1600S	HRP-1600S	18160	291	2172
HRP-1600S	HRP-1600S	18160	291	2172
세신퀸센스HRP-1600S	HRP-1600S	18160	291	2172
세신HRP-1600S	HRP-1600S	18160	291	2172
세신퀸센스CH-K300	CH-K300	18160	291	2175
퀸센스CH-K300	CH-K300	18160	291	2175
CH-K300	CH-K300	18160	291	2175
퀸센스QSP-100WK	QSP-100WK	18160	291	2175
QSP-100WK	QSP-100WK	18160	291	2175
FK0602	FK0602	18160	291	2175
퀸센스FK0602	FK0602	18160	291	2175
CF-100SW	CF-100SW	18160	291	2175
퀸센스CF-100SW	CF-100SW	18160	291	2175
CH-K1063	CH-K1063	18160	291	2175
세신퀸센스CH-K1063	CH-K1063	18160	291	2175
SS-1010	SS-1010	7414		2172
세인스SS-1010	SS-1010	7414		2172
세인스SS-2010	SS-2010	7414		2175
SS-2010	SS-2010	7414		2175
센큐SQ-6200T	SQ-6200T	7417		2172
SQ-6200T	SQ-6200T	7417		2172
센큐SQ-9100	SQ-9100	7417		2175
SQ-9100	SQ-9100	7417		2175
센큐SQ-8100	SQ-8100	7417		2175
SQ-8100	SQ-8100	7417		2175
센큐SQ-7200	SQ-7200	7417		2175
SQ-7200	SQ-7200	7417		2175
셰프라인센스III	센스III	16407		2175
센스III	센스III	16407		2175
ZCF-1216	ZCF-1216	16407		2175
셰프라인ZCF-1216	ZCF-1216	16407		2175
CF-200SW	CF-200SW	16407		2175
셰프라인CF-200SW	CF-200SW	16407		2175
셰프라인CF-100SW	CF-100SW	16407		2175
CF-100SW	CF-100SW	16407		2175
CLEP-17V	CLEP-17V	16407		2175
셰프라인CLEP-17V	CLEP-17V	16407		2175
CLSP-1.2L	CLSP-1.2L	16407		2175
셰프라인CLSP-1.2L	CLSP-1.2L	16407		2175
ERWK-108	ERWK-108	16407		2175
셰프라인ERWK-108	ERWK-108	16407		2175
스위스밀리터리TL-T1001	TL-T1001	4441		2175
TL-T1001	TL-T1001	4441		2175
신일산업SEP-2500LMP	SEP-2500LMP	708		2172
SEP-2500LMP	SEP-2500LMP	708		2172
신일산업SEP-1000LMP	SEP-1000LMP	708		2172
SEP-1000LMP	SEP-1000LMP	708		2172
SEP-500LMP	SEP-500LMP	708		2172
신일산업SEP-500LMP	SEP-500LMP	708		2172
신일산업SEP-808LMP	SEP-808LMP	708		2172
SEP-808LMP	SEP-808LMP	708		2172
SEP-475SS	SEP-475SS	708		2172
신일산업SEP-475SS	SEP-475SS	708		2172
신일산업SEP-2800NS	SEP-2800NS	708		2173
SEP-2800NS	SEP-2800NS	708		2173
SEP-100HI	SEP-100HI	708		2175
신일산업SEP-100HI	SEP-100HI	708		2175
SEP-4517SUS	SEP-4517SUS	708		2175
신일산업SEP-4517SUS	SEP-4517SUS	708		2175
SEP-120HI	SEP-120HI	708		2175
신일산업SEP-120HI	SEP-120HI	708		2175
신일산업SEP-707	SEP-707	708		2175
SEP-707	SEP-707	708		2175
SEP-2017SUS	SEP-2017SUS	708		2175
신일산업SEP-2017SUS	SEP-2017SUS	708		2175
SEP-100K	SEP-100K	708		2175
신일산업SEP-100K	SEP-100K	708		2175
SEP-1257SUS	SEP-1257SUS	708		2175
신일산업SEP-1257SUS	SEP-1257SUS	708		2175
SEP-100N	SEP-100N	708		2175
신일산업SEP-100N	SEP-100N	708		2175
신일산업SEP-850NP	SEP-850NP	708		2175
SEP-850NP	SEP-850NP	708		2175
SEP-420SM	SEP-420SM	708		2175
신일산업SEP-420SM	SEP-420SM	708		2175
SEP-S40J	SEP-S40J	708		2175
신일산업SEP-S40J	SEP-S40J	708		2175
SEP-10WT	SEP-10WT	708		2175
신일산업SEP-10WT	SEP-10WT	708		2175
SEP-770P	SEP-770P	708		2175
신일산업SEP-770P	SEP-770P	708		2175
신일산업SEP-105LM	SEP-105LM	708		2175
SEP-105LM	SEP-105LM	708		2175
SEP-N12K	SEP-N12K	708		2175
신일산업SEP-N12K	SEP-N12K	708		2175
SEP-K1700P	SEP-K1700P	708		2175
신일산업SEP-K1700P	SEP-K1700P	708		2175
SEP-S10	SEP-S10	708		2175
신일산업SEP-S10	SEP-S10	708		2175
SEP-H140	SEP-H140	708		2175
신일산업SEP-H140	SEP-H140	708		2175
신일산업SEP-S08J	SEP-S08J	708		2175
SEP-S08J	SEP-S08J	708		2175
SEP-120HMP	SEP-120HMP	708		2175
신일산업SEP-120HMP	SEP-120HMP	708		2175
신일산업SEP-B370	SEP-B370	708		2175
SEP-B370	SEP-B370	708		2175
신일산업SEP-S10J	SEP-S10J	708		2175
SEP-S10J	SEP-S10J	708		2175
SEP-F24WO	SEP-F24WO	708		2175
신일산업SEP-F24WO	SEP-F24WO	708		2175
비쥬얼V	비쥬얼V	7458		2175
아이앤아이비쥬얼V	비쥬얼V	7458		2175
LIK-1703S	LIK-1703S	7458		2175
아이앤아이LIK-1703S	LIK-1703S	7458		2175
IP-830N	IP-830N	7266		2172
아이엔에스IP-830N	IP-830N	7266		2172
일리아스WK-710SS	WK-710SS	16446	3200	2175
아크윈일리아스WK-710SS	WK-710SS	16446	3200	2175
WK-710SS	WK-710SS	16446	3200	2175
아크윈WK-710SS	WK-710SS	16446	3200	2175
아크윈WK-511SB	WK-511SB	16446		2175
WK-511SB	WK-511SB	16446		2175
아크윈WK-510SW	WK-510SW	16446		2175
WK-510SW	WK-510SW	16446		2175
WK-512AP	WK-512AP	16446		2175
아크윈WK-512AP	WK-512AP	16446		2175
안건INTFJK-100	FJK-100	8029		2175
FJK-100	FJK-100	8029		2175
AT-1700	AT-1700	16582		2175
알텐바흐AT-1700	AT-1700	16582		2175
AT-1000	AT-1000	16582		2175
알텐바흐AT-1000	AT-1000	16582		2175
YA-300	YA-300	6382		2175
야마사YA-300	YA-300	6382		2175
야마사DDP-1700	DDP-1700	6382		2175
DDP-1700	DDP-1700	6382		2175
OEA-0408-NP	OEA-0408-NP	18616		2172
야호테크빌OEA-0408-NP	OEA-0408-NP	18616		2172
SKM-1100S	SKM-1100S	18631		2175
에비앙SKM-1100S	SKM-1100S	18631		2175
HKM-1100S	HKM-1100S	18631		2175
에비앙HKM-1100S	HKM-1100S	18631		2175
에코웰CR-1130A	CR-1130A	5767		2172
CR-1130A	CR-1130A	5767		2172
SGK-813	SGK-813	18622		2175
엔터SGK-813	SGK-813	18622		2175
SGK-028	SGK-028	18622		2175
엔터SGK-028	SGK-028	18622		2175
엘리트전자CW-2000	CW-2000	18632		2175
CW-2000	CW-2000	18632		2175
엘제이텍LJ-EK150	LJ-EK150	15726		2175
LJ-EK150	LJ-EK150	15726		2175
FK-0201	FK-0201	16621		2175
엘하이코FK-0201	FK-0201	16621		2175
WS-36	WS-36	18619		2174
우성금속WS-36	WS-36	18619		2174
WS-35	WS-35	18619		2174
우성금속WS-35	WS-35	18619		2174
우성금속WS-25	WS-25	18619		2174
WS-25	WS-25	18619		2174
WS-24	WS-24	18619		2174
우성금속WS-24	WS-24	18619		2174
WS-23	WS-23	18619		2174
우성금속WS-23	WS-23	18619		2174
WS-22	WS-22	18619		2174
우성금속WS-22	WS-22	18619		2174
우성금속WS-33	WS-33	18619		2174
WS-33	WS-33	18619		2174
WT-20	WT-20	18619		2174
우성금속WT-20	WT-20	18619		2174
WT-12	WT-12	18619		2174
우성금속WT-12	WT-12	18619		2174
우성금속WT-16	WT-16	18619		2174
WT-16	WT-16	18619		2174
WT-30	WT-30	18619		2174
우성금속WT-30	WT-30	18619		2174
우성금속WT-40	WT-40	18619		2174
WT-40	WT-40	18619		2174
WT-60	WT-60	18619		2174
우성금속WT-60	WT-60	18619		2174
물끓이기고급형80호	물끓이기고급형80호	18619		2174
우성금속물끓이기	물끓이기고급형	18619		2174
우성금속물끓이기고급형60호	물끓이기고급형60호	18619		2174
물끓이기고급형60호	물끓이기고급형60호	18619		2174
물끓이기30호	물끓이기30호	18619		2174
우성금속물끓이기30호	물끓이기30호	18619		2174
우성금속물끓이기6호	물끓이기6호	18619		2174
물끓이기6호	물끓이기6호	18619		2174
물끓이기고급형30호	물끓이기고급형30호	18619		2174
우성금속물끓이기고급형30호	물끓이기고급형30호	18619		2174
물끓이기80호	물끓이기80호	18619		2174
우성금속물끓이기80호	물끓이기80호	18619		2174
우신글로벌WP-319	WP-319	1654		2175
WP-319	WP-319	1654		2175
우주컴이브라면포트	라면포트	5232	3949	2172
이브라면포트	라면포트	5232	3949	2172
워니코프KAP-9001	KAP-9001	18369		2175
KAP-9001	KAP-9001	18369		2175
웨스팅하우스WKWK3809	WKWK3809	7330		2172
WKWK3809	WKWK3809	7330		2172
웨스팅하우스WKMK3822	WKMK3822	7330		2172
WKMK3822	WKMK3822	7330		2172
XB6883	XB6883	18499		2172
웰딕XB6883	XB6883	18499		2172
윈드피아WK-1000S	WK-1000S	7267		2175
WK-1000S	WK-1000S	7267		2175
유니맥스USP-888	USP-888	5182		2172
USP-888	USP-888	5182		2172
USK-3015	USK-3015	5182		2175
유니맥스USK-3015	USK-3015	5182		2175
유니맥스USK-1717	USK-1717	5182		2175
USK-1717	USK-1717	5182		2175
USK-8012	USK-8012	5182		2175
유니맥스USK-8012	USK-8012	5182		2175
USK-1770	USK-1770	5182		2175
유니맥스USK-1770	USK-1770	5182		2175
HKP-0712	HKP-0712	5182		2175
유니맥스HKP-0712	HKP-0712	5182		2175
유니맥스USK-1730	USK-1730	5182	295	2175
USK-1730	USK-1730	5182	295	2175
유니맥스유니맥스USK-1730	USK-1730	5182	295	2175
유니맥스유니맥스USK-1750	USK-1750	5182		2175
유니맥스USK-1750	USK-1750	5182		2175
USK-1750	USK-1750	5182		2175
HKP-1212	HKP-1212	5182		2175
유니맥스HKP-1212	HKP-1212	5182		2175
USK-1115	USK-1115	5182		2175
유니맥스USK-1115	USK-1115	5182		2175
TAG-7000	TAG-7000	465		2175
유니콘TAG-7000	TAG-7000	465		2175
마시마로FK-0201	FK-0201	18624	394	2175
FK-0201	FK-0201	18624	394	2175
유니홈마시마로FK-0201	FK-0201	18624	394	2175
유니홈FK-0201	FK-0201	18624	394	2175
FK-0503	FK-0503	18624		2175
유니홈FK-0503	FK-0503	18624		2175
유니홈마시마로FK-0503	FK-0503	18624		2175
마시마로FK-0503	FK-0503	18624		2175
유니홈FK-0605	FK-0605	18624		2175
FK-0605	FK-0605	18624		2175
CN-2018	CN-2018	18624		2175
유니홈CN-2018	CN-2018	18624		2175
유파코리아AK-K1007	AK-K1007	7309		2172
AK-K1007	AK-K1007	7309		2172
유파코리아FJK-17	FJK-17	7309		2175
FJK-17	FJK-17	7309		2175
유파AK-150	AK-150	7309		2175
AK-150	AK-150	7309		2175
FJK-0812	FJK-0812	7309		2175
유파코리아FJK-0812	FJK-0812	7309		2175
인덱마시마로FK0503	FK0503	18633	394	2175
인덱FK0503	FK0503	18633	394	2175
FK0503	FK0503	18633	394	2175
마시마로FK0503	FK0503	18633	394	2175
HS-0201	HS-0201	18620		2175
인덱스21HS-0201	HS-0201	18620		2175
IB-1408	IB-1408	7427		2175
인터비즈IB-1408	IB-1408	7427		2175
EEK6000	EEK6000	7224		2175
일렉트로룩스EEK6000	EEK6000	7224		2175
EEK-3100	EEK-3100	7224		2175
일렉트로룩스EEK-3100	EEK-3100	7224		2175
EEK-3130	EEK-3130	7224		2175
일렉트로룩스EEK-3130	EEK-3130	7224		2175
일렉트로룩스EEK-7010	EEK-7010	7224		2175
EEK-7010	EEK-7010	7224		2175
일렉트로룩스EEK-5200	EEK-5200	7224		2175
EEK-5200	EEK-5200	7224		2175
일렉트로룩스EEK-4000	EEK-4000	7224		2175
EEK-4000	EEK-4000	7224		2175
전기온수기	전기온수기	18618		2174
전기온수기40L	전기온수기	18618		2174
일원전기온수기	전기온수기	18618		2174
지멘스TW-60103	TW-60103	7873		2175
TW-60103	TW-60103	7873		2175
카즈미IS-6001-Si	IS-6001-Si	3636		2175
IS-6001-Si	IS-6001-Si	3636		2175
FK-0201	FK-0201	3636		2175
카즈미FK-0201	FK-0201	3636		2175
JKP070	JKP070	8035		2175
캔우드JKP070	JKP070	8035		2175
JK60A	JK60A	8035		2175
켄우드JK60A	JK60A	8035		2175
캔우드JK60A	JK60A	8035		2175
캔우드JKM075	JKM075	8035		2175
JKM075	JKM075	8035		2175
SJM021	SJM021	8035		2175
켄우드SJM021	SJM021	8035		2175
켄우드JK060A	JK060A	8035		2175
JK060A	JK060A	8035		2175
켄우드JKP-220	JKP-220	8035		2175
JKP-220	JKP-220	8035		2175
켄우드SJM020	SJM020	8035		2175
캔우드SJM020	SJM020	8035		2175
SJM020	SJM020	8035		2175
SKM030	SKM030	8035		2175
캔우드SKM030	SKM030	8035		2175
캔우드JKP350	JKP350	8035		2175
JKP350	JKP350	8035		2175
SJM028	SJM028	8035		2175
캔우드SJM028	SJM028	8035		2175
캔우드SJM023	SJM023	8035		2175
SJM023	SJM023	8035		2175
JKP220	JKP220	8035		2175
캔우드JKP220	JKP220	8035		2175
SJM027	SJM027	8035		2175
캔우드SJM027	SJM027	8035		2175
켄우드JK-60	JK-60	8035		2175
JK-60	JK-60	8035		2175
CM-2010	CM-2010	832		2175
코멕스CM-2010	CM-2010	832		2175
코멕스CM-2020	CM-2020	832		2175
CM-2020	CM-2020	832		2175
쿠진아트CJK-17BCKR	CJK-17BCKR	16430		2175
CJK-17BCKR	CJK-17BCKR	16430		2175
쿠첸WKT-1701C	WKT-1701C	7222		2175
쿠첸쿠첸WKT-1701C	WKT-1701C	7222		2175
WKT-1701C	WKT-1701C	7222		2175
쿠쿠CWP-402G	CWP-402G	23292		2173
CWP-402G	CWP-402G	23292		2173
쿠쿠CWP-302W	CWP-302W	23292		2173
CWP-302W	CWP-302W	23292		2173
쿠쿠CWP-253G	CWP-253G	23292		2173
CWP-253G	CWP-253G	23292		2173
쿠쿠CWP-333G	CWP-333G	23292		2173
CWP-333G	CWP-333G	23292		2173
CWP-222WP	CWP-222WP	23292		2173
쿠쿠CWP-222WP	CWP-222WP	23292		2173
CK-171W	CK-171W	23292		2175
쿠쿠CK-171W	CK-171W	23292		2175
쿠쿠CK-102W	CK-102W	23292		2175
CK-102W	CK-102W	23292		2175
CK-102S	CK-102S	23292		2175
쿠쿠CK-102S	CK-102S	23292		2175
CK-121W	CK-121W	23292		2175
쿠쿠CK-121W	CK-121W	23292		2175
CK-173W	CK-173W	23292		2175
쿠쿠CK-173W	CK-173W	23292		2175
CK-173TB	CK-173TB	23292		2175
쿠쿠CK-173TB	CK-173TB	23292		2175
CK-151W	CK-151W	23292		2175
쿠쿠CK-151W	CK-151W	23292		2175
CH-KG1063	CH-KG1063	18160	291	2175
퀸센스CH-KG1063	CH-KG1063	18160	291	2175
큐앤큐QNN-1700	QNN-1700	18617		2172
QNN-1700	QNN-1700	18617		2172
QNJ-1800	QNJ-1800	18617		2175
큐앤큐QNJ-1800	QNJ-1800	18617		2175
크리스프CSM-170EK	CSM-170EK	11301		2175
CSM-170EK	CSM-170EK	11301		2175
DCM-TP400	DCM-TP400	2141		2175
클라라DCM-TP400	DCM-TP400	2141		2175
키친아트KAK-1500	KAK-1500	937		2175
KAK-1500	KAK-1500	937		2175
KAEK-SL12S	KAEK-SL12S	937		2175
키친아트KAEK-SL12S	KAEK-SL12S	937		2175
KAK-1100	KAK-1100	937		2175
키친아트KAK-1100	KAK-1100	937		2175
키친아트KACK-WY18	KACK-WY18	937		2175
KACK-WY18	KACK-WY18	937		2175
키친아트SLT-521	SLT-521	937		2175
SLT-521	SLT-521	937		2175
KAP-5009	KAP-5009	937		2175
키친아트KAP-5009	KAP-5009	937		2175
키친아트WMEK-GF18P	WMEK-GF18P	937		2175
WMEK-GF18P	WMEK-GF18P	937		2175
키친아트KAEK-GF0903	KAEK-GF0903	937		2175
KAEK-GF0903	KAEK-GF0903	937		2175
CI-0808CKP	CI-0808CKP	937	3596	2175
RafaleCI-0808CKP	CI-0808CKP	937	3596	2175
키친아트RafaleCI-0808CKP	CI-0808CKP	937	3596	2175
KAK-1200	KAK-1200	937		2175
키친아트KAK-1200	KAK-1200	937		2175
키친아트KAEK-DL2000	KAEK-DL2000	937		2175
KAEK-DL2000	KAEK-DL2000	937		2175
키친아트KAEK-GF1850	KAEK-GF1850	937		2175
KAEK-GF1850	KAEK-GF1850	937		2175
DDEK-GF18P	DDEK-GF18P	937		2175
키친아트DDEK-GF18P	DDEK-GF18P	937		2175
키친아트RafaleDIEK-1850P	DIEK-1850P	937	3596	2175
RafaleDIEK-1850P	DIEK-1850P	937	3596	2175
키친아트DIEK-1850P	DIEK-1850P	937	3596	2175
DIEK-1850P	DIEK-1850P	937	3596	2175
키친아트VENTUS-10019	VENTUS-10019	937	3596	2175
VENTUS-10019	VENTUS-10019	937	3596	2175
RafaleVENTUS-10019	VENTUS-10019	937	3596	2175
키친아트RafaleVENTUS-10019	VENTUS-10019	937	3596	2175
키친아트VENTUS-1001P	VENTUS-1001P	937		2175
VENTUS-1001P	VENTUS-1001P	937		2175
DIEK-1800GF	DIEK-1800GF	937		2175
키친아트DIEK-1800GF	DIEK-1800GF	937		2175
KANK-SR800	KANK-SR800	937		2175
키친아트KANK-SR800	KANK-SR800	937		2175
DIEK-2009GF	DIEK-2009GF	937		2175
키친아트DIEK-2009GF	DIEK-2009GF	937		2175
DIEK-GF12P2	DIEK-GF12P2	937		2175
키친아트DIEK-GF12P2	DIEK-GF12P2	937		2175
맥스KAEK-ZL1850	KAEK-ZL1850	937	3950	2175
키친아트KAEK-ZL1850	KAEK-ZL1850	937	3950	2175
KAEK-ZL1850	KAEK-ZL1850	937	3950	2175
키친아트맥스KAEK-ZL1850	KAEK-ZL1850	937	3950	2175
키친아트라팔SWH-902	SWH-902	937	3596	2175
라팔SWH-902	SWH-902	937	3596	2175
키친아트SWH-902	SWH-902	937	3596	2175
SWH-902	SWH-902	937	3596	2175
럭셔리무선포트	럭셔리무선포트1.7L	937		2175
키친아트럭셔리무선포트	럭셔리무선포트	937		2175
키친아트윌리엄KAEK-FD1850	KAEK-FD1850	937	3951	2175
키친아트KAEK-FD1850	KAEK-FD1850	937	3951	2175
KAEK-FD1850	KAEK-FD1850	937	3951	2175
윌리엄KAEK-FD1850	KAEK-FD1850	937	3951	2175
KAEK-HV1850	KAEK-HV1850	937	3952	2175
키친아트KAEK-HV1850	KAEK-HV1850	937	3952	2175
플레티나KAEK-HV1850	KAEK-HV1850	937	3952	2175
키친아트플레티나KAEK-HV1850	KAEK-HV1850	937	3952	2175
제로KAEK-GF12PS	KAEK-GF12PS	937	3953	2175
키친아트제로KAEK-GF12PS	KAEK-GF12PS	937	3953	2175
KAEK-GF12PS	KAEK-GF12PS	937	3953	2175
키친아트KAEK-GF12PS	KAEK-GF12PS	937	3953	2175
키친아트WMEK-ZL1850P	WMEK-ZL1850P	937		2175
WMEK-ZL1850P	WMEK-ZL1850P	937		2175
키친아트KAEK-GL1500	KAEK-GL1500	937		2175
KAEK-GL1500	KAEK-GL1500	937		2175
SEP-170YHJ	SEP-170YHJ	937		2175
키친아트SEP-170YHJ	SEP-170YHJ	937		2175
TW-40	TW-40	16617		2174
태릉금속TW-40	TW-40	16617		2174
태릉금속TWE-10	TWE-10	16617		2174
TWE-10	TWE-10	16617		2174
태릉금속TWE-15	TWE-15	16617		2174
TWE-15	TWE-15	16617		2174
TW-80	TW-80	16617		2174
태릉금속TW-80	TW-80	16617		2174
태릉금속TWE-60	TWE-60	16617		2174
TWE-60	TWE-60	16617		2174
태릉금속TE-8	TE-8	16617		2174
TE-8	TE-8	16617		2174
TE-12	TE-12	16617		2174
태릉금속TE-12	TE-12	16617		2174
TE-40	TE-40	16617		2174
태릉금속TE-40	TE-40	16617		2174
태릉금속TE-60	TE-60	16617		2174
TE-60	TE-60	16617		2174
태릉금속TE-6	TE-6	16617		2174
TE-6	TE-6	16617		2174
TE-80	TE-80	16617		2174
태릉금속TE-80	TE-80	16617		2174
태릉금속TE-30	TE-30	16617		2174
TE-30	TE-30	16617		2174
TE-16	TE-16	16617		2174
태릉금속TE-16	TE-16	16617		2174
TE-20	TE-20	16617		2174
태릉금속TE-20	TE-20	16617		2174
TWE-30	TWE-30	16617		2174
태릉금속TWE-30	TWE-30	16617		2174
태릉금속TWE-40	TWE-40	16617		2174
TWE-40	TWE-40	16617		2174
태릉금속TWE-25	TWE-25	16617		2174
TWE-25	TWE-25	16617		2174
태릉금속TWE-20	TWE-20	16617		2174
TWE-20	TWE-20	16617		2174
태유산업사TP-1200	TP-1200	8020		2175
TP-1200	TP-1200	8020		2175
태유산업사TP-1800	TP-1800	8020		2175
TP-1800	TP-1800	8020		2175
태유산업사TP-1500N	TP-1500N	8020		2175
TP-1500N	TP-1500N	8020		2175
태유산업사TP-1900	TP-1900	8020		2175
TP-1900	TP-1900	8020		2175
태유산업사TP-1000N	TP-1000N	8020		2175
TP-1000N	TP-1000N	8020		2175
TP-1300	TP-1300	8020		2175
태유산업사TP-1300	TP-1300	8020		2175
테스TESS-2403	TESS-2403	7247		2175
TESS-2403	TESS-2403	7247		2175
TESS-2405	TESS-2405	7247		2175
테스TESS-2405	TESS-2405	7247		2175
테스TESS-2402	TESS-2402	7247		2175
TESS-2402	TESS-2402	7247		2175
BF-612021	BF-612021	8019		2175
테팔BF-612021	BF-612021	8019		2175
테팔BF-812321	BF-812321	8019		2175
BF-812321	BF-812321	8019		2175
테팔KO-300021	KO-300021	8019		2175
KO-300021	KO-300021	8019		2175
테팔KO-3071	KO-3071	8019		2175
KO-3071	KO-3071	8019		2175
BI-7125KR	BI-7125KR	8019		2175
테팔BI-7125KR	BI-7125KR	8019		2175
테팔KI-1990KR	KI-1990KR	8019		2175
KI-1990KR	KI-1990KR	8019		2175
BF-510121	BF-510121	8019		2175
테팔BF-510121	BF-510121	8019		2175
BF-212321	BF-212321	8019		2175
테팔BF-212321	BF-212321	8019		2175
BF-262321	BF-262321	8019		2175
테팔BF-262321	BF-262321	8019		2175
TK-92011	TK-92011	8019		2175
테팔TK-92011	TK-92011	8019		2175
BI-81252A	BI-81252A	8019		2175
테팔BI-81252A	BI-81252A	8019		2175
BF-262121	BF-262121	8019		2175
테팔BF-262121	BF-262121	8019		2175
테팔BF-212121	BF-212121	8019		2175
BF-212121	BF-212121	8019		2175
BF-8121	BF-8121	8019		2175
테팔BF-8121	BF-8121	8019		2175
테팔BF-81232A	BF-81232A	8019		2175
BF-81232A	BF-81232A	8019		2175
테팔KO-299171	KO-299171	8019		2175
KO-299171	KO-299171	8019		2175
BF-813070	BF-813070	8019		2175
테팔BF-813070	BF-813070	8019		2175
KO410870	KO410870	8019		2175
테팔KO410870	KO410870	8019		2175
KO1021	KO1021	8019		2175
테팔KO1021	KO1021	8019		2175
BI17125KR	BI17125KR	8019		2175
테팔BI17125KR	BI17125KR	8019		2175
테팔BF-81252A	BF-81252A	8019		2175
BF-81252A	BF-81252A	8019		2175
테팔KI-210070	KI-210070	8019		2175
KI-210070	KI-210070	8019		2175
KO280870	KO280870	8019		2175
테팔KO280870	KO280870	8019		2175
포맥스FK-0201	FK-0201	1040		2175
FK-0201	FK-0201	1040		2175
FK-7020	FK-7020	1040		2175
포맥스FK-7020	FK-7020	1040		2175
포맥스PM-101	PM-101	1040		2175
PM-101	PM-101	1040		2175
MU-200W	MU-200W	1040		2175
포맥스MU-200W	MU-200W	1040		2175
포맥스FK-0907	FK-0907	1040		2175
FK-0907	FK-0907	1040		2175
포맥스FK0503	FK0503	1040		2175
FK0503	FK0503	1040		2175
프린세스231112	231112	7827		2175
231112	231112	7827		2175
프린세스232155	232155	7827		2175
232155	232155	7827		2175
프린세스클럽전기주전자232176	232176	7827		2175
프린세스232176	232176	7827		2175
프린세스232347	232347	7827	3954	2175
프린세스볼로냐클래식232347	232347	7827	3954	2175
볼로냐클래식232347	232347	7827	3954	2175
플러스메이트GE-KE2545	GE-KE2545	7160		2175
GE-KE2545	GE-KE2545	7160		2175
플러스메이트GE-KE1630	GE-KE1630	7160		2175
GE-KE1630	GE-KE1630	7160		2175
플러스메이트GE-KE1609	GE-KE1609	7160		2175
GE-KE1609	GE-KE1609	7160		2175
HD-4646	HD-4646	1554		2175
필립스HD-4646	HD-4646	1554		2175
HD-4680	HD-4680	1554		2175
필립스HD-4680	HD-4680	1554		2175
HD-4681	HD-4681	1554		2175
필립스HD-4681	HD-4681	1554		2175
필립스HD-4685	HD-4685	1554		2175
HD-4685	HD-4685	1554		2175
필립스HD-4678	HD-4678	1554		2175
HD-4678	HD-4678	1554		2175
필립스HD-4649	HD-4649	1554		2175
HD-4649	HD-4649	1554		2175
필립스HD-4664	HD-4664	1554		2175
HD-4664	HD-4664	1554		2175
HD-4608	HD-4608	1554		2175
필립스HD-4608	HD-4608	1554		2175
필립스HD-4618	HD-4618	1554		2175
HD-4618	HD-4618	1554		2175
필립스HD-4667	HD-4667	1554		2175
HD-4667	HD-4667	1554		2175
필립스HD-4685/30	HD-4685/30	1554		2175
HD-4685/30	HD-4685/30	1554		2175
HD-4680/01	HD-4680/01	1554		2175
필립스HD-4680/01	HD-4680/01	1554		2175
HD-4680/55	HD-4680/55	1554		2175
필립스HD-4680/55	HD-4680/55	1554		2175
퓨어스피디HD-4676	HD-4676	1554	3955	2175
필립스퓨어스피디HD-4676	HD-4676	1554	3955	2175
필립스HD-4676	HD-4676	1554	3955	2175
HD-4676	HD-4676	1554	3955	2175
HD4677	HD4677	1554		2175
필립스HD4677	HD4677	1554		2175
필립스HD-4622	HD-4622	1554		2175
HD-4622	HD-4622	1554		2175
필립스HD-4654	HD-4654	1554		2175
HD-4654	HD-4654	1554		2175
HD4646	HD4646	1554		2175
필립스HD4646	HD4646	1554		2175
하나로OK-1010	OK-1010	8500		2175
OK-1010	OK-1010	8500		2175
하우즈데코MEK-8269N	MEK-8269N	18547		2175
MEK-8269N	MEK-8269N	18547		2175
하이얼HK-K10	HK-K10	3268		2175
HK-K10	HK-K10	3268		2175
한양금속HY-008	HY-008	16766		2174
HY-008	HY-008	16766		2174
한양금속HY-012	HY-012	16766		2174
HY-012	HY-012	16766		2174
HY-014	HY-014	16766		2174
한양금속HY-014	HY-014	16766		2174
한양금속HY-015	HY-015	16766		2174
HY-015	HY-015	16766		2174
HY-016	HY-016	16766		2174
한양금속HY-016	HY-016	16766		2174
HY-033	HY-033	16766		2174
한양금속HY-033	HY-033	16766		2174
HY-007	HY-007	16766		2174
한양금속HY-007	HY-007	16766		2174
한양금속HY-009	HY-009	16766		2174
HY-009	HY-009	16766		2174
한양금속HY-010	HY-010	16766		2174
HY-010	HY-010	16766		2174
한양금속HY-011	HY-011	16766		2174
HY-011	HY-011	16766		2174
한양금속HY-013	HY-013	16766		2174
HY-013	HY-013	16766		2174
한양금속HY-030	HY-030	16766		2174
HY-030	HY-030	16766		2174
한양금속HY-004	HY-004	16766		2174
HY-004	HY-004	16766		2174
HY-037	HY-037	16766		2174
한양금속HY-037	HY-037	16766		2174
한일HEK-104HK	HEK-104HK	1090		2175
HEK-104HK	HEK-104HK	1090		2175
한일전기HRP-1700S	HRP-1700S	5142		2172
HRP-1700S	HRP-1700S	5142		2172
HEK-800EO	HEK-800EO	5142		2175
한일전기HEK-800EO	HEK-800EO	5142		2175
HEK-105	HEK-105	5142		2175
한일전기HEK-105	HEK-105	5142		2175
HEK-125	HEK-125	5142		2175
한일전기HEK-125	HEK-125	5142		2175
한일전기HEK-174	HEK-174	5142		2175
HEK-174	HEK-174	5142		2175
HEK-177S	HEK-177S	5142		2175
한일전기HEK-177S	HEK-177S	5142		2175
한일전기HEK-175S	HEK-175S	5142		2175
HEK-175S	HEK-175S	5142		2175
한일전기LEK-150S	LEK-150S	5142		2175
LEK-150S	LEK-150S	5142		2175
헬로키티HEK-155HK	HEK-155HK	5142	57	2175
HEK-155HK	HEK-155HK	5142	57	2175
한일전기HEK-155HK	HEK-155HK	5142	57	2175
한일전기헬로키티HEK-155HK	HEK-155HK	5142	57	2175
HEK-178S	HEK-178S	5142		2175
한일전기HEK-178S	HEK-178S	5142		2175
한일전기HEK-106	HEK-106	5142		2175
HEK-106	HEK-106	5142		2175
HEK-128S	HEK-128S	5142		2175
한일전기HEK-128S	HEK-128S	5142		2175
HEK-1800	HEK-1800	5142		2175
한일전기HEK-1800	HEK-1800	5142		2175
한일전기HEK-179	HEK-179	5142		2175
HEK-179	HEK-179	5142		2175
한일전기HEK-129	HEK-129	5142		2175
HEK-129	HEK-129	5142		2175
HEK-130S	HEK-130S	5142		2175
한일전기HEK-130S	HEK-130S	5142		2175
미피HEK-60MF	HEK-60MF	5142	392	2175
HEK-60MF	HEK-60MF	5142	392	2175
한일전기HEK-60MF	HEK-60MF	5142	392	2175
한일전기미피HEK-60MF	HEK-60MF	5142	392	2175
40898	40898	8025		2175
해밀턴비치40898	40898	8025		2175
BS-2000WP	BS-2000WP	1728		2173
홈니즈BS-2000WP	BS-2000WP	1728		2173
홈니즈BS-1001WP	BS-1001WP	1728		2173
BS-1001WP	BS-1001WP	1728		2173
LOOKCF-310SW	CF-310SW	1728	3956	2175
CF-310SW	CF-310SW	1728	3956	2175
홈니즈LOOKCF-310SW	CF-310SW	1728	3956	2175
홈니즈CF-310SW	CF-310SW	1728	3956	2175
HNZ-101SW	HNZ-101SW	1728		2175
홈니즈HNZ-101SW	HNZ-101SW	1728		2175
홈스HK-5050	HK-5050	491		2175
HK-5050	HK-5050	491		2175
홈스hk-5100	hk-5100	491		2175
hk-5100	hk-5100	491		2175
HK-5200	HK-5200	491		2175
홈스HK-5200	HK-5200	491		2175
홈플러스ITK-8260	ITK-8260	927		2175
ITK-8260	ITK-8260	927		2175
FX-102	FX-102	1639		2175
휘넥스FX-102	FX-102	1639		2175
휘넥스FX-A710	FX-A710	1639		2175
FX-A710	FX-A710	1639		2175
